YEAR,QUARTER,HOUSING TYPE,MEDIAN HOUSING PRICE,MEDIAN AFTER TAX FAMILY INCOME,PRIME INTEREST RATE,QUARTERLY PAYMENT,PAYMENT TO INCOME PERCENT,HISTORICAL AVERAGE PAYMENT TO INCOME PERCENT,NUMBER OF RESALES
1979,1,Single-detached,56000.0,21211.09838,11.96153846,1638.624101,30.9012588,42.17672164,2598
1979,1,Apartment,45335.0,21211.09838,11.96153846,1326.553993,25.01622442,28.92883586,102
1979,1,Row housing,51000.0,21211.09838,11.96153846,1492.318378,28.14221784,34.7021035,97
1979,1,All housing types,55000.0,21211.09838,11.96153846,1609.362957,30.34945061,36.21109906,2797
1979,2,Single-detached,56900.0,21896.35576,12.0,1669.754495,30.50287478,42.17672164,4636
1979,2,Apartment,45000.0,21896.35576,12.0,1320.543976,24.12353893,28.92883586,152
1979,2,Row housing,48900.0,21896.35576,12.0,1434.991121,26.21424564,34.7021035,154
1979,2,All housing types,56000.0,21896.35576,12.0,1643.343615,30.020404,36.21109906,4942
1979,3,Single-detached,59500.0,22581.61314,12.5,1811.526266,32.08851831,42.17672164,5651
1979,3,Apartment,46250.0,22581.61314,12.5,1408.119157,24.94275583,28.92883586,225
1979,3,Row housing,58150.0,22581.61314,12.5,1770.42441,31.36045949,34.7021035,188
1979,3,All housing types,59000.0,22581.61314,12.5,1796.303357,31.81886689,36.21109906,6064
1979,4,Single-detached,59225.0,23266.87052,14.53846154,2073.555697,35.64820969,42.17672164,4278
1979,4,Apartment,44250.0,23266.87052,14.53846154,1549.258583,26.6345847,28.92883586,236
1979,4,Row housing,58261.0,23266.87052,14.53846154,2039.804617,35.06796698,34.7021035,226
1979,4,All housing types,58261.0,23266.87052,14.53846154,2039.804617,35.06796698,36.21109906,4740
1980,1,Single-detached,69900.0,23952.12789,15.11538462,2538.96353,42.40063416,42.17672164,2582
1980,1,Apartment,57500.0,23952.12789,15.11538462,2088.560844,34.87891937,28.92883586,154
1980,1,Row housing,58150.0,23952.12789,15.11538462,2112.170662,35.27320281,34.7021035,169
1980,1,All housing types,68500.0,23952.12789,15.11538462,2488.111614,41.5514083,36.21109906,2905
1980,2,Single-detached,74000.0,24548.79589,15.44230769,2743.103101,44.69633645,42.17672164,3672
1980,2,Apartment,51000.0,24548.79589,15.44230769,1890.517002,30.80423188,28.92883586,235
1980,2,Row housing,57500.0,24548.79589,15.44230769,2131.465248,34.73026143,34.7021035,198
1980,2,All housing types,72000.0,24548.79589,15.44230769,2668.96518,43.48832735,36.21109906,4105
1980,3,Single-detached,80000.0,25145.46389,12.5,2435.665568,38.74520794,42.17672164,5190
1980,3,Apartment,57000.0,25145.46389,12.5,1735.411717,27.60596066,28.92883586,411
1980,3,Row housing,70000.0,25145.46389,12.5,2131.207372,33.90205695,34.7021035,310
1980,3,All housing types,78000.0,25145.46389,12.5,2374.773929,37.77657774,36.21109906,5911
1980,4,Single-detached,89000.0,25742.13189,14.39285714,3086.673349,47.96297932,42.17672164,4709
1980,4,Apartment,69500.0,25742.13189,14.39285714,2410.37975,37.45423666,28.92883586,356
1980,4,Row housing,78500.0,25742.13189,14.39285714,2722.515257,42.30442558,34.7021035,351
1980,4,All housing types,87000.0,25742.13189,14.39285714,3017.309903,46.88515956,36.21109906,5416
1981,1,Single-detached,105000.0,26338.79989,18.20833333,4562.544712,69.29009266,42.17672164,3196
1981,1,Apartment,82832.0,26338.79989,18.20833333,3599.282892,54.66130434,28.92883586,252
1981,1,Row housing,94950.0,26338.79989,18.20833333,4125.844004,62.65804094,34.7021035,269
1981,1,All housing types,100000.0,26338.79989,18.20833333,4345.280679,65.99056444,36.21109906,3717
1981,2,Single-detached,103500.0,26478.66767,18.94230769,4674.386816,70.61362566,42.17672164,3135
1981,2,Apartment,88350.0,26478.66767,18.94230769,3990.164978,60.27742828,28.92883586,214
1981,2,Row housing,95000.0,26478.66767,18.94230769,4290.499976,64.81443901,34.7021035,204
1981,2,All housing types,100000.0,26478.66767,18.94230769,4516.315765,68.22572528,36.21109906,3553
1981,3,Single-detached,108500.0,26618.53544,21.44642857,5536.981336,83.2048983,42.17672164,1986
1981,3,Apartment,94050.0,26618.53544,21.44642857,4799.567692,72.12369295,28.92883586,135
1981,3,Row housing,100000.0,26618.53544,21.44642857,5103.208604,76.68654221,34.7021035,173
1981,3,All housing types,105500.0,26618.53544,21.44642857,5383.885077,80.90430203,36.21109906,2294
1981,4,Single-detached,105000.0,26758.40322,18.67307692,4676.190933,69.90239134,42.17672164,1612
1981,4,Apartment,76500.0,26758.40322,18.67307692,3406.939108,50.92888512,28.92883586,131
1981,4,Row housing,100500.0,26758.40322,18.67307692,4475.78275,66.90657457,34.7021035,147
1981,4,All housing types,101250.0,26758.40322,18.67307692,4509.184114,67.40587736,36.21109906,1890
1982,1,Single-detached,104000.0,26898.27099,16.53846154,4116.853069,61.22108102,42.17672164,1785
1982,1,Apartment,82700.0,26898.27099,16.53846154,3273.689893,48.6825327,28.92883586,180
1982,1,Row housing,79950.0,26898.27099,16.53846154,3164.830797,47.06370604,34.7021035,103
1982,1,All housing types,100000.0,26898.27099,16.53846154,3958.512567,58.86642406,36.21109906,2068
1982,2,Single-detached,93000.0,27161.2345,17.26923077,3838.406385,56.52771615,42.17672164,2163
1982,2,Apartment,75000.0,27161.2345,17.26923077,3095.48902,45.58686786,28.92883586,128
1982,2,Row housing,86500.0,27161.2345,17.26923077,3570.13067,52.57685426,34.7021035,127
1982,2,All housing types,91825.0,27161.2345,17.26923077,3789.91039,55.81352188,36.21109906,2418
1982,3,Single-detached,87000.0,27424.19801,16.63461538,3463.190945,50.51292212,42.17672164,2411
1982,3,Apartment,70000.0,27424.19801,16.63461538,2786.475473,40.64258102,28.92883586,136
1982,3,Row housing,82000.0,27424.19801,16.63461538,3264.156983,47.60988062,34.7021035,156
1982,3,All housing types,85000.0,27424.19801,16.63461538,3383.57736,49.35170552,36.21109906,2703
1982,4,Single-detached,86000.0,27687.16152,13.42307692,2794.898705,40.37826273,42.17672164,3712
1982,4,Apartment,76500.0,27687.16152,13.42307692,2486.159894,35.91787324,28.92883586,315
1982,4,Row housing,83500.0,27687.16152,13.42307692,2713.651649,39.20447602,34.7021035,284
1982,4,All housing types,85500.0,27687.16152,13.42307692,2778.649294,40.14350539,36.21109906,4311
1983,1,Single-detached,86500.0,27950.12502,11.76923077,2494.710515,35.70231637,42.17672164,3183
1983,1,Apartment,72750.0,27950.12502,11.76923077,2098.152486,30.02709267,28.92883586,238
1983,1,Row housing,82000.0,27950.12502,11.76923077,2364.927887,33.84497043,34.7021035,226
1983,1,All housing types,85500.0,27950.12502,11.76923077,2465.869931,35.28957283,36.21109906,3647
1983,2,Single-detached,90000.0,27856.33528,11.07692308,2460.470401,35.33085564,42.17672164,4080
1983,2,Apartment,75000.0,27856.33528,11.07692308,2050.392001,29.4423797,28.92883586,255
1983,2,Row housing,83250.0,27856.33528,11.07692308,2275.935121,32.68104147,34.7021035,284
1983,2,All housing types,88500.0,27856.33528,11.07692308,2419.462561,34.74200805,36.21109906,4619
1983,3,Single-detached,89000.0,27762.54554,11.0,2418.387315,34.84388435,42.17672164,3927
1983,3,Apartment,80000.0,27762.54554,11.0,2173.831294,31.32034548,28.92883586,251
1983,3,Row housing,85000.0,27762.54554,11.0,2309.69575,33.27786707,34.7021035,223
1983,3,All housing types,88622.5,27762.54554,11.0,2408.129548,34.69609147,36.21109906,4401
1983,4,Single-detached,86000.0,27668.7558,11.0,2336.868641,33.78350163,42.17672164,2791
1983,4,Apartment,83000.0,27668.7558,11.0,2255.349968,32.60500739,28.92883586,199
1983,4,Row housing,85000.0,27668.7558,11.0,2309.69575,33.39067021,34.7021035,213
1983,4,All housing types,85950.0,27668.7558,11.0,2335.509997,33.76386006,36.21109906,3203
1984,1,Single-detached,90000.0,27574.96605,11.07692308,2460.470401,35.69136436,42.17672164,2792
1984,1,Apartment,71000.0,27574.96605,11.07692308,1941.037761,28.15652077,28.92883586,192
1984,1,Row housing,91625.0,27574.96605,11.07692308,2504.895561,36.33579177,34.7021035,202
1984,1,All housing types,88500.0,27574.96605,11.07692308,2419.462561,35.09650829,36.21109906,3186
1984,2,Single-detached,87000.0,27845.46606,11.84615385,2523.751846,36.2536844,42.17672164,3536
1984,2,Apartment,80000.0,27845.46606,11.84615385,2320.691352,33.33672129,28.92883586,233
1984,2,Row housing,81500.0,27845.46606,11.84615385,2364.204315,33.96178481,34.7021035,261
1984,2,All housing types,86900.0,27845.46606,11.84615385,2520.850982,36.2120135,36.21109906,4030
1984,3,Single-detached,87000.0,28115.96606,13.19230769,2782.533023,39.58651845,42.17672164,3225
1984,3,Apartment,78000.0,28115.96606,13.19230769,2494.684779,35.49136137,28.92883586,193
1984,3,Row housing,74500.0,28115.96606,13.19230769,2382.743795,33.89880028,34.7021035,181
1984,3,All housing types,86000.0,28115.96606,13.19230769,2750.549884,39.131501,36.21109906,3599
1984,4,Single-detached,83500.0,28386.46606,12.32692308,2510.337806,35.37372775,42.17672164,2959
1984,4,Apartment,71500.0,28386.46606,12.32692308,2149.570696,30.29007826,28.92883586,222
1984,4,Row housing,92000.0,28386.46606,12.32692308,2765.881175,38.97464615,34.7021035,191
1984,4,All housing types,83000.0,28386.46606,12.32692308,2495.305843,35.16190903,36.21109906,3372
1985,1,Single-detached,85000.0,28656.96606,11.28846154,2362.612722,32.97784862,42.17672164,3124
1985,1,Apartment,67000.0,28656.96606,11.28846154,1862.294733,25.9943042,28.92883586,239
1985,1,Row housing,84500.0,28656.96606,11.28846154,2348.715,32.78386127,34.7021035,223
1985,1,All housing types,84500.0,28656.96606,11.28846154,2348.715,32.78386127,36.21109906,3586
1985,2,Single-detached,85000.0,29040.4428,10.73076923,2260.582508,31.13702534,42.17672164,4244
1985,2,Apartment,67500.0,29040.4428,10.73076923,1795.168462,24.7264613,28.92883586,302
1985,2,Row housing,79500.0,29040.4428,10.73076923,2114.309522,29.12227664,34.7021035,274
1985,2,All housing types,84000.0,29040.4428,10.73076923,2233.98742,30.77070739,36.21109906,4820
1985,3,Single-detached,85000.0,29423.91954,10.40384615,2201.320695,29.92559427,42.17672164,5045
1985,3,Apartment,69000.0,29423.91954,10.40384615,1786.954446,24.29254123,28.92883586,314
1985,3,Row housing,76500.0,29423.91954,10.40384615,1981.188625,26.93303484,34.7021035,305
1985,3,All housing types,85000.0,29423.91954,10.40384615,2201.320695,29.92559427,36.21109906,5664
1985,4,Single-detached,85000.0,29807.39628,10.01923077,2132.15661,28.61245028,42.17672164,4187
1985,4,Apartment,75000.0,29807.39628,10.01923077,1881.314656,25.24627966,28.92883586,298
1985,4,Row housing,78000.0,29807.39628,10.01923077,1956.567242,26.25613085,34.7021035,324
1985,4,All housing types,85000.0,29807.39628,10.01923077,2132.15661,28.61245028,36.21109906,4809
1986,1,Single-detached,89000.0,30190.87302,11.82692308,2578.027976,34.15638858,42.17672164,3427
1986,1,Apartment,75000.0,30190.87302,11.82692308,2172.495486,28.78347353,28.92883586,273
1986,1,Row housing,86000.0,30190.87302,11.82692308,2491.128157,33.00504964,34.7021035,333
1986,1,All housing types,88000.0,30190.87302,11.82692308,2549.06137,33.77260894,36.21109906,4033
1986,2,Single-detached,88500.0,30207.70243,10.82692308,2371.895367,31.40782219,42.17672164,4814
1986,2,Apartment,74250.0,30207.70243,10.82692308,1989.980011,26.35063048,28.92883586,334
1986,2,Row housing,83000.0,30207.70243,10.82692308,2224.48944,29.45592364,34.7021035,418
1986,2,All housing types,87000.0,30207.70243,10.82692308,2331.693751,30.87548622,36.21109906,5566
1986,3,Single-detached,89500.0,30224.53185,9.865384615,2216.090449,29.32836757,42.17672164,5283
1986,3,Apartment,75000.0,30224.53185,9.865384615,1857.059036,24.57684433,28.92883586,396
1986,3,Row housing,85000.0,30224.53185,9.865384615,2104.666907,27.85375691,34.7021035,391
1986,3,All housing types,88000.0,30224.53185,9.865384615,2178.949269,28.83683069,36.21109906,6070
1986,4,Single-detached,90200.0,30241.36126,9.75,2211.616813,29.25287382,42.17672164,4334
1986,4,Apartment,77500.0,30241.36126,9.75,1900.225089,25.13412107,28.92883586,470
1986,4,Row housing,85000.0,30241.36126,9.75,2084.117839,27.56645537,34.7021035,510
1986,4,All housing types,89000.0,30241.36126,9.75,2182.193973,28.86370033,36.21109906,5314
1987,1,Single-detached,95000.0,30258.19068,9.291666667,2238.749068,29.59528005,42.17672164,4425
1987,1,Apartment,78500.0,30258.19068,9.291666667,1849.913703,24.4550472,28.92883586,470
1987,1,Row housing,93000.0,30258.19068,9.291666667,2191.617508,28.97222153,34.7021035,468
1987,1,All housing types,93000.0,30258.19068,9.291666667,2191.617508,28.97222153,36.21109906,5363
1987,2,Single-detached,97000.0,31042.81254,9.192307692,2265.984522,29.19818581,42.17672164,7569
1987,2,Apartment,77999.0,31042.81254,9.192307692,1822.108523,23.47865253,28.92883586,705
1987,2,Row housing,89048.5,31042.81254,9.192307692,2080.232193,26.80468711,34.7021035,758
1987,2,All housing types,94500.0,31042.81254,9.192307692,2207.582859,28.44565525,36.21109906,9032
1987,3,Single-detached,97000.0,31827.4344,9.821428571,2392.855031,30.07286105,42.17672164,6336
1987,3,Apartment,87000.0,31827.4344,9.821428571,2146.168945,26.97256609,28.92883586,603
1987,3,Row housing,92950.0,31827.4344,9.821428571,2292.947166,28.81724159,34.7021035,627
1987,3,All housing types,95500.0,31827.4344,9.821428571,2355.852118,29.6078168,36.21109906,7566
1987,4,Single-detached,98110.0,32612.05626,9.884615385,2433.240509,29.84467449,42.17672164,5126
1987,4,Apartment,81172.5,32612.05626,9.884615385,2013.171086,24.69235389,28.92883586,584
1987,4,Row housing,97750.0,32612.05626,9.884615385,2424.312096,29.73516391,34.7021035,591
1987,4,All housing types,96000.0,32612.05626,9.884615385,2380.910089,29.20282082,36.21109906,6301
1988,1,Single-detached,105000.0,33396.67813,9.75,2574.498507,30.83538426,42.17672164,4524
1988,1,Apartment,76900.0,33396.67813,9.75,1885.513669,22.58324809,28.92883586,568
1988,1,Row housing,104900.0,33396.67813,9.75,2572.046604,30.80601722,34.7021035,529
1988,1,All housing types,100000.0,33396.67813,9.75,2451.90334,29.36703263,36.21109906,5621
1988,2,Single-detached,108000.0,34057.95399,10.28846154,2770.526446,32.53896515,42.17672164,7694
1988,2,Apartment,89500.0,34057.95399,10.28846154,2295.945527,26.96516094,28.92883586,749
1988,2,Row housing,99900.0,34057.95399,10.28846154,2562.736962,30.09854277,34.7021035,892
1988,2,All housing types,105964.0,34057.95399,10.28846154,2718.296891,31.9255454,36.21109906,9335
1988,3,Single-detached,112000.0,34719.22986,11.01923077,3047.999864,35.11598473,42.17672164,7956
1988,3,Apartment,94000.0,34719.22986,11.01923077,2558.142743,29.47234433,28.92883586,766
1988,3,Row housing,105000.0,34719.22986,11.01923077,2857.499873,32.92123568,34.7021035,910
1988,3,All housing types,110000.0,34719.22986,11.01923077,2993.571295,34.48891357,36.21109906,9632
1988,4,Single-detached,112500.0,35380.50573,11.86538462,3268.202764,36.94919217,42.17672164,6189
1988,4,Apartment,89990.0,35380.50573,11.86538462,2614.271704,29.55606937,28.92883586,815
1988,4,Row housing,110000.0,35380.50573,11.86538462,3195.576035,36.12809901,34.7021035,893
1988,4,All housing types,109990.0,35380.50573,11.86538462,3195.285529,36.12481464,36.21109906,7897
1989,1,Single-detached,127500.0,36041.7816,12.53846154,3892.679852,43.20185828,42.17672164,6575
1989,1,Apartment,93500.0,36041.7816,12.53846154,2854.631891,31.68136274,28.92883586,878
1989,1,Row housing,122000.0,36041.7816,12.53846154,3724.760329,41.3382487,34.7021035,1191
1989,1,All housing types,122000.0,36041.7816,12.53846154,3724.760329,41.3382487,36.21109906,8644
1989,2,Single-detached,128900.0,36315.96372,13.5,4211.299103,46.38510089,42.17672164,7977
1989,2,Apartment,110000.0,36315.96372,13.5,3593.816147,39.58387198,28.92883586,949
1989,2,Row housing,125000.0,36315.96372,13.5,4083.881985,44.9816727,34.7021035,1067
1989,2,All housing types,125000.0,36315.96372,13.5,4083.881985,44.9816727,36.21109906,9993
1989,3,Single-detached,125800.0,36590.14585,13.5,4110.01883,44.93033558,42.17672164,8286
1989,3,Apartment,112000.0,36590.14585,13.5,3659.158259,40.00157063,28.92883586,936
1989,3,Row housing,120000.0,36590.14585,13.5,3920.526706,42.85882567,34.7021035,1031
1989,3,All housing types,124000.0,36590.14585,13.5,4051.210929,44.2874532,36.21109906,10253
1989,4,Single-detached,141000.0,36864.32797,13.5,4606.618879,49.98456918,42.17672164,8556
1989,4,Apartment,114900.0,36864.32797,13.5,3753.904321,40.73210637,28.92883586,1109
1989,4,Row housing,125900.0,36864.32797,13.5,4113.285935,44.63161177,34.7021035,1515
1989,4,All housing types,135150.0,36864.32797,13.5,4415.493202,47.91074131,36.21109906,11180
1990,1,Single-detached,158900.0,37138.51009,13.84615385,5314.906769,57.24415714,42.17672164,7140
1990,1,Apartment,117500.0,37138.51009,13.84615385,3930.154471,42.32969455,28.92883586,1022
1990,1,Row housing,139900.0,37138.51009,13.84615385,4679.39243,50.39935547,34.7021035,1455
1990,1,All housing types,147500.0,37138.51009,13.84615385,4933.598166,53.13727614,36.21109906,9617
1990,2,Single-detached,135000.0,37362.30481,14.63461538,4755.987171,50.91749233,42.17672164,6309
1990,2,Apartment,120000.0,37362.30481,14.63461538,4227.544152,45.25999318,28.92883586,738
1990,2,Row housing,143900.0,37362.30481,14.63461538,5069.530029,54.27427516,34.7021035,1101
1990,2,All housing types,133000.0,37362.30481,14.63461538,4685.528102,50.16315911,36.21109906,8148
1990,3,Single-detached,137500.0,37586.09952,14.48076923,4796.105952,51.04127338,42.17672164,6087
1990,3,Apartment,135000.0,37586.09952,14.48076923,4708.904025,50.11325022,28.92883586,694
1990,3,Row housing,145000.0,37586.09952,14.48076923,5057.711731,53.82534283,34.7021035,889
1990,3,All housing types,137900.0,37586.09952,14.48076923,4810.05826,51.18975708,36.21109906,7670
1990,4,Single-detached,147000.0,37809.89423,13.51923077,4808.978621,50.87534592,42.17672164,6463
1990,4,Apartment,125000.0,37809.89423,13.51923077,4089.267535,43.26134857,28.92883586,870
1990,4,Row housing,144900.0,37809.89423,13.51923077,4740.278926,50.14855527,34.7021035,1407
1990,4,All housing types,143000.0,37809.89423,13.51923077,4678.12206,49.49098277,36.21109906,8740
1991,1,Single-detached,150000.0,38033.68894,11.82692308,4344.990971,45.69623501,42.17672164,4765
1991,1,Apartment,124150.0,38033.68894,11.82692308,3596.204194,37.82125051,28.92883586,619
1991,1,Row housing,132900.0,38033.68894,11.82692308,3849.662,40.48686422,34.7021035,834
1991,1,All housing types,145000.0,38033.68894,11.82692308,4200.157939,44.17302718,36.21109906,6218
1991,2,Single-detached,162000.0,38261.79212,10.17307692,4116.225669,43.03223076,42.17672164,10926
1991,2,Apartment,119000.0,38261.79212,10.17307692,3023.647251,31.61009543,28.92883586,1386
1991,2,Row housing,144000.0,38261.79212,10.17307692,3658.867261,38.25087178,34.7021035,2103
1991,2,All housing types,153000.0,38261.79212,10.17307692,3887.546465,40.64155127,36.21109906,14415
1991,3,Single-detached,160773.5,38489.89529,9.711538462,3929.07991,40.83232631,42.17672164,9507
1991,3,Apartment,126000.0,38489.89529,9.711538462,3079.264112,32.00075332,28.92883586,1242
1991,3,Row housing,142414.0,38489.89529,9.711538462,3480.399359,36.16948638,34.7021035,1657
1991,3,All housing types,152500.0,38489.89529,9.711538462,3726.887119,38.73107049,36.21109906,12406
1991,4,Single-detached,165000.0,38717.99847,8.692307692,3685.640084,38.07676254,42.17672164,7182
1991,4,Apartment,117900.0,38717.99847,8.692307692,2633.557369,27.2075776,28.92883586,1075
1991,4,Row housing,140900.0,38717.99847,8.692307692,3147.31326,32.51524753,34.7021035,1541
1991,4,All housing types,153800.0,38717.99847,8.692307692,3435.463303,35.49215805,36.21109906,9798
1992,1,Single-detached,175000.0,38946.10164,7.826923077,3605.480375,37.03046234,42.17672164,7117
1992,1,Apartment,121900.0,38946.10164,7.826923077,2511.474615,25.79436205,28.92883586,1205
1992,1,Row housing,153271.0,38946.10164,7.826923077,3157.803329,32.43254853,34.7021035,1755
1992,1,All housing types,160000.0,38946.10164,7.826923077,3296.4392,33.85642271,36.21109906,10077
1992,2,Single-detached,182750.0,38961.4346,7.653846154,3702.855289,38.01559493,42.17672164,11056
1992,2,Apartment,127000.0,38961.4346,7.653846154,2573.25648,26.41849825,28.92883586,1816
1992,2,Row housing,157000.0,38961.4346,7.653846154,3181.112341,32.65908839,34.7021035,2132
1992,2,All housing types,168000.0,38961.4346,7.653846154,3403.992824,34.94730477,36.21109906,15004
1992,3,Single-detached,183000.0,38976.76757,6.607142857,3339.192266,34.26853969,42.17672164,9897
1992,3,Apartment,132500.0,38976.76757,6.607142857,2417.721176,24.81192081,28.92883586,1565
1992,3,Row housing,157000.0,38976.76757,6.607142857,2864.771507,29.39978542,34.7021035,1984
1992,3,All housing types,169900.0,38976.76757,6.607142857,3100.157191,31.81543658,36.21109906,13446
1992,4,Single-detached,191000.0,38992.10053,8.173076923,4066.515589,41.71630186,42.17672164,9637
1992,4,Apartment,128400.0,38992.10053,8.173076923,2733.720427,28.04383853,28.92883586,1708
1992,4,Row housing,164000.0,38992.10053,8.173076923,3491.667836,35.81923301,34.7021035,2284
1992,4,All housing types,174000.0,38992.10053,8.173076923,3704.574411,38.00333258,36.21109906,13629
1993,1,Single-detached,198000.0,39007.43349,6.576923077,3601.625527,36.93270954,42.17672164,6009
1993,1,Apartment,130000.0,39007.43349,6.576923077,2364.703629,24.24874869,28.92883586,1042
1993,1,Row housing,162950.0,39007.43349,6.576923077,2964.065049,30.39487383,34.7021035,1388
1993,1,All housing types,177500.0,39007.43349,6.576923077,3228.729955,33.1088684,36.21109906,8439
1993,2,Single-detached,205000.0,39464.71487,6.0,3509.106751,35.56703007,42.17672164,10399
1993,2,Apartment,138345.0,39464.71487,6.0,2368.133529,24.00254037,28.92883586,1701
1993,2,Row housing,166388.0,39464.71487,6.0,2848.162215,28.86793658,34.7021035,2641
1993,2,All housing types,183000.0,39464.71487,6.0,3132.519685,31.7500805,36.21109906,14741
1993,3,Single-detached,205000.0,39921.99626,5.769230769,3422.774797,34.2946257,42.17672164,9262
1993,3,Apartment,139900.0,39921.99626,5.769230769,2335.835093,23.40399091,28.92883586,1563
1993,3,Row housing,166000.0,39921.99626,5.769230769,2771.612763,27.77028228,34.7021035,2194
1993,3,All housing types,182000.0,39921.99626,5.769230769,3038.756162,30.44693599,36.21109906,13019
1993,4,Single-detached,200000.0,40379.27764,5.596153846,3276.731015,32.4595308,42.17672164,7160
1993,4,Apartment,139300.0,40379.27764,5.596153846,2282.243152,22.6080632,28.92883586,1503
1993,4,Row housing,170271.0,40379.27764,5.596153846,2789.661334,27.63458384,34.7021035,2123
1993,4,All housing types,176057.0,40379.27764,5.596153846,2884.457162,28.57363807,36.21109906,10786
1994,1,Single-detached,210000.0,40836.55902,5.557692308,3426.045328,33.55860934,42.17672164,7466
1994,1,Apartment,136000.0,40836.55902,5.557692308,2218.772212,21.73319462,28.92883586,1518
1994,1,Row housing,166500.0,40836.55902,5.557692308,2716.36451,26.60718312,34.7021035,2372
1994,1,All housing types,182000.0,40836.55902,5.557692308,2969.239284,29.0841281,36.21109906,11356
1994,2,Single-detached,223933.0,40829.32389,6.942307692,4228.554731,41.42664466,42.17672164,11188
1994,2,Apartment,137500.0,40829.32389,6.942307692,2596.429626,25.43691033,28.92883586,2207
1994,2,Row housing,182000.0,40829.32389,6.942307692,3436.728669,33.66921949,34.7021035,3026
1994,2,All housing types,194500.0,40829.32389,6.942307692,3672.767726,35.98166588,36.21109906,16421
1994,3,Single-detached,214000.0,40822.08876,7.326923077,4199.485936,41.14915295,42.17672164,7437
1994,3,Apartment,143500.0,40822.08876,7.326923077,2816.010429,27.59300677,28.92883586,1445
1994,3,Row housing,180000.0,40822.08876,7.326923077,3532.27789,34.61143706,34.7021035,2179
1994,3,All housing types,186590.0,40822.08876,7.326923077,3661.598508,35.87860023,36.21109906,11061
1994,4,Single-detached,213500.0,40814.85363,7.269230769,4165.804685,40.82635918,42.17672164,6326
1994,4,Apartment,147686.5,40814.85363,7.269230769,2881.653928,28.24122761,28.92883586,1368
1994,4,Row housing,185876.0,40814.85363,7.269230769,3626.806144,35.54398285,34.7021035,2128
1994,4,All housing types,186000.0,40814.85363,7.269230769,3629.225627,35.56769465,36.21109906,9822
1995,1,Single-detached,215000.0,40807.61849,9.230769231,5039.599526,49.3986144,42.17672164,5333
1995,1,Apartment,148900.0,40807.61849,9.230769231,3490.215672,34.21141248,28.92883586,1132
1995,1,Row housing,189000.0,40807.61849,9.230769231,4430.159583,43.42482847,34.7021035,2021
1995,1,All housing types,191000.0,40807.61849,9.230769231,4477.039579,43.88435047,36.21109906,8486
1995,2,Single-detached,199000.0,41037.18914,9.307692308,4696.18408,45.77490981,42.17672164,6611
1995,2,Apartment,146371.5,41037.18914,9.307692308,3454.208583,33.66905634,28.92883586,1153
1995,2,Row housing,175105.0,41037.18914,9.307692308,4132.288007,40.27847026,34.7021035,2118
1995,2,All housing types,180000.0,41037.18914,9.307692308,4247.804695,41.40444104,36.21109906,9882
1995,3,Single-detached,200000.0,41266.7598,8.192307692,4265.821931,41.34874608,42.17672164,8323
1995,3,Apartment,140037.0,41266.7598,8.192307692,2986.864529,28.95177178,28.92883586,1477
1995,3,Row housing,172000.0,41266.7598,8.192307692,3668.606861,35.55992163,34.7021035,2253
1995,3,All housing types,181500.0,41266.7598,8.192307692,3871.233403,37.52398707,36.21109906,12053
1995,4,Single-detached,197000.0,41496.33045,7.788461538,4043.782209,38.97966076,42.17672164,6472
1995,4,Apartment,145000.0,41496.33045,7.788461538,2976.38792,28.69061325,28.92883586,1266
1995,4,Row housing,170000.0,41496.33045,7.788461538,3489.558251,33.6372707,34.7021035,2440
1995,4,All housing types,177000.0,41496.33045,7.788461538,3633.245944,35.02233479,36.21109906,10178
1996,1,Single-detached,202000.0,41725.9011,7.153846154,3896.399073,37.35233004,42.17672164,5931
1996,1,Apartment,139000.0,41725.9011,7.153846154,2681.185501,25.70284097,28.92883586,1218
1996,1,Row housing,175000.0,41725.9011,7.153846154,3375.593256,32.35969187,34.7021035,1909
1996,1,All housing types,181902.0,41725.9011,7.153846154,3508.726655,33.63595812,36.21109906,9058
1996,2,Single-detached,206000.0,41605.03354,6.557692308,3739.691322,35.95422,42.17672164,9166
1996,2,Apartment,138950.0,41605.03354,6.557692308,2522.476258,24.25164499,28.92883586,1813
1996,2,Row housing,172343.0,41605.03354,6.557692308,3128.687483,30.07989387,34.7021035,2466
1996,2,All housing types,184000.0,41605.03354,6.557692308,3340.306812,32.11444893,36.21109906,13445
1996,3,Single-detached,201568.0,41484.16598,6.076923077,3478.85895,33.54396906,42.17672164,8526
1996,3,Apartment,148000.0,41484.16598,6.076923077,2554.329678,24.62944228,28.92883586,1579
1996,3,Row housing,175500.0,41484.16598,6.076923077,3028.951747,29.20585891,34.7021035,2440
1996,3,All housing types,183000.0,41484.16598,6.076923077,3158.394129,30.45397254,36.21109906,12545
1996,4,Single-detached,200000.0,41363.29842,5.019230769,3072.080366,29.70827264,42.17672164,8328
1996,4,Apartment,140000.0,41363.29842,5.019230769,2150.456257,20.79579085,28.92883586,1830
1996,4,Row housing,182000.0,41363.29842,5.019230769,2795.593133,27.0345281,34.7021035,2565
1996,4,All housing types,181000.0,41363.29842,5.019230769,2780.232732,26.88598674,36.21109906,12723
1997,1,Single-detached,215000.0,41242.43086,4.75,3202.090786,31.05627597,42.17672164,7386
1997,1,Apartment,140000.0,41242.43086,4.75,2085.082372,20.22269133,28.92883586,1739
1997,1,Row housing,171000.0,41242.43086,4.75,2546.779183,24.70057298,34.7021035,2403
1997,1,All housing types,186000.0,41242.43086,4.75,2770.180866,26.86728991,36.21109906,11528
1997,2,Single-detached,215000.0,41299.79358,4.75,3202.090786,31.01314083,42.17672164,10011
1997,2,Apartment,148500.0,41299.79358,4.75,2211.676659,21.42070425,28.92883586,2024
1997,2,Row housing,185250.0,41299.79358,4.75,2759.010782,26.72178762,34.7021035,2836
1997,2,All housing types,190700.0,41299.79358,4.75,2840.18006,27.50793468,36.21109906,14871
1997,3,Single-detached,210000.0,41357.15629,4.75,3127.623559,30.24988988,42.17672164,9135
1997,3,Apartment,143568.0,41357.15629,4.75,2138.222186,20.68055329,28.92883586,1772
1997,3,Row housing,182000.0,41357.15629,4.75,2710.607084,26.21657123,34.7021035,2258
1997,3,All housing types,190000.0,41357.15629,4.75,2829.754648,27.36894798,36.21109906,13165
1997,4,Single-detached,202500.0,41414.51901,5.428571429,3256.870141,31.45631261,42.17672164,7286
1997,4,Apartment,148000.0,41414.51901,5.428571429,2380.329782,22.99029267,28.92883586,1561
1997,4,Row housing,185200.0,41414.51901,5.428571429,2978.628889,28.7689338,34.7021035,2643
1997,4,All housing types,183900.0,41414.51901,5.428571429,2957.720587,28.56699204,36.21109906,11490
1998,1,Single-detached,212000.0,41471.88172,6.333333333,3759.581237,36.26149652,42.17672164,5769
1998,1,Apartment,158000.0,41471.88172,6.333333333,2801.952054,27.0250776,28.92883586,1133
1998,1,Row housing,178981.0,41471.88172,6.333333333,3174.026459,30.61376844,34.7021035,2170
1998,1,All housing types,190000.0,41471.88172,6.333333333,3369.436014,32.49851103,36.21109906,9072
1998,2,Single-detached,200000.0,41348.64919,6.5,3609.091998,34.91375964,42.17672164,7879
1998,2,Apartment,143472.0,41348.64919,6.5,2589.018236,25.04573462,28.92883586,1503
1998,2,Row housing,175390.0,41348.64919,6.5,3164.993228,30.61762152,34.7021035,2252
1998,2,All housing types,182000.0,41348.64919,6.5,3284.273719,31.77152128,36.21109906,11634
1998,3,Single-detached,204000.0,41225.41666,6.839285714,3812.075788,36.98762653,42.17672164,8292
1998,3,Apartment,138312.0,41225.41666,6.839285714,2584.587384,25.07761079,28.92883586,1394
1998,3,Row housing,172282.0,41225.41666,6.839285714,3219.372749,31.23677586,34.7021035,2100
1998,3,All housing types,183000.0,41225.41666,6.839285714,3419.656221,33.18007674,36.21109906,11786
1998,4,Single-detached,201500.0,41102.18413,6.923076923,3797.546861,36.95712957,42.17672164,6461
1998,4,Apartment,138000.0,41102.18413,6.923076923,2600.801324,25.31058998,28.92883586,1273
1998,4,Row housing,174000.0,41102.18413,6.923076923,3279.271235,31.91335258,34.7021035,1882
1998,4,All housing types,180125.0,41102.18413,6.923076923,3394.705351,33.03673927,36.21109906,9616
1999,1,Single-detached,202355.0,40978.9516,6.75,3747.013883,36.57500972,42.17672164,5744
1999,1,Apartment,140000.0,40978.9516,6.75,2592.384392,25.30454578,28.92883586,1279
1999,1,Row housing,177522.5,40978.9516,6.75,3287.189701,32.08661591,34.7021035,1759
1999,1,All housing types,181757.0,40978.9516,6.75,3365.60007,32.85198805,36.21109906,8782
1999,2,Single-detached,210000.0,41201.7137,6.326923077,3721.606354,36.13059769,42.17672164,9108
1999,2,Apartment,140000.0,41201.7137,6.326923077,2481.070903,24.08706512,28.92883586,1749
1999,2,Row housing,173369.0,41201.7137,6.326923077,3072.434152,29.8282171,34.7021035,2077
1999,2,All housing types,189000.0,41201.7137,6.326923077,3349.445719,32.51753792,36.21109906,12934
1999,3,Single-detached,210000.0,41424.4758,6.25,3691.576248,35.64632915,42.17672164,9363
1999,3,Apartment,146344.0,41424.4758,6.25,2572.571593,24.84107807,28.92883586,1713
1999,3,Row housing,174196.0,41424.4758,6.25,3062.180077,29.56879978,34.7021035,2363
1999,3,All housing types,189500.0,41424.4758,6.25,3331.208091,32.16656845,36.21109906,13439
1999,4,Single-detached,205000.0,41647.2379,6.365384615,3647.691708,35.0341765,42.17672164,7040
1999,4,Apartment,139571.5,41647.2379,6.365384615,2483.481967,23.8525491,28.92883586,1380
1999,4,Row housing,173143.0,41647.2379,6.365384615,3080.840417,29.58986547,34.7021035,1900
1999,4,All housing types,183500.0,41647.2379,6.365384615,3265.128919,31.35986043,36.21109906,10320
2000,1,Single-detached,225880.0,41870.0,6.673076923,4149.732606,39.64397044,42.17672164,4227
2000,1,Apartment,149310.0,41870.0,6.673076923,2743.034246,26.20524715,28.92883586,947
2000,1,Row housing,185000.0,41870.0,6.673076923,3398.709634,32.46916297,34.7021035,1605
2000,1,All housing types,199000.0,41870.0,6.673076923,3655.909282,34.92628882,36.21109906,6779
2000,2,Single-detached,225000.0,42665.0,7.269230769,4390.192291,41.15966053,42.17672164,6915
2000,2,Apartment,150086.0,42665.0,7.269230769,2928.47289,27.45550582,28.92883586,1462
2000,2,Row housing,188000.0,42665.0,7.269230769,3668.249559,34.39118302,34.7021035,1988
2000,2,All housing types,204900.0,42665.0,7.269230769,3998.00178,37.48273085,36.21109906,10365
2000,3,Single-detached,223500.0,43460.0,7.5,4461.199658,41.06028217,42.17672164,7251
2000,3,Apartment,144000.0,43460.0,7.5,2874.329981,26.4549469,28.92883586,1424
2000,3,Row housing,184703.5,43460.0,7.5,3686.797276,33.93278671,34.7021035,1619
2000,3,All housing types,204342.5,43460.0,7.5,4078.803987,37.5407638,36.21109906,10294
2000,4,Single-detached,219700.0,44255.0,7.5,4385.349284,39.63709668,42.17672164,5470
2000,4,Apartment,150000.0,44255.0,7.5,2994.09373,27.06219618,28.92883586,1179
2000,4,Row housing,185500.0,44255.0,7.5,3702.695913,33.46691595,34.7021035,1769
2000,4,All housing types,199475.0,44255.0,7.5,3981.645646,35.98821056,36.21109906,8418
2001,1,Single-detached,230000.0,45050.0,7.153846154,4436.493994,39.39173358,42.17672164,4543
2001,1,Apartment,139800.0,45050.0,7.153846154,2696.616784,23.94332328,28.92883586,1098
2001,1,Row housing,188000.0,45050.0,7.153846154,3626.351613,32.19846049,34.7021035,1385
2001,1,All housing types,204000.0,45050.0,7.153846154,3934.977282,34.938755,36.21109906,7026
2001,2,Single-detached,226250.0,45377.5,6.442307692,4058.324834,35.7738953,42.17672164,8029
2001,2,Apartment,143000.0,45377.5,6.442307692,2565.040669,22.61068299,28.92883586,1797
2001,2,Row housing,186500.0,45377.5,6.442307692,3345.315278,29.48875789,34.7021035,2241
2001,2,All housing types,205000.0,45377.5,6.442307692,3677.156204,32.41391618,36.21109906,12067
2001,3,Single-detached,231000.0,45705.0,5.865384615,3897.287799,34.10819647,42.17672164,9583
2001,3,Apartment,145000.0,45705.0,5.865384615,2446.349484,21.40990687,28.92883586,1974
2001,3,Row housing,180035.0,45705.0,5.865384615,3037.438134,26.58298334,34.7021035,2350
2001,3,All housing types,208500.0,45705.0,5.865384615,3517.681845,30.78596954,36.21109906,13907
2001,4,Single-detached,233000.0,46032.5,4.480769231,3362.989905,29.22274397,42.17672164,7431
2001,4,Apartment,140000.0,46032.5,4.480769231,2020.680629,17.55873028,28.92883586,1743
2001,4,Row housing,188000.0,46032.5,4.480769231,2713.485417,23.57886638,34.7021035,2228
2001,4,All housing types,207000.0,46032.5,4.480769231,2987.720645,25.96183692,36.21109906,11402
2002,1,Single-detached,242667.0,46360.0,3.788461538,3223.468877,27.8125011,42.17672164,7306
2002,1,Apartment,150000.0,46360.0,3.788461538,1992.526102,17.19176965,28.92883586,1907
2002,1,Row housing,194000.0,46360.0,3.788461538,2577.000425,22.23468874,34.7021035,2864
2002,1,All housing types,215000.0,46360.0,3.788461538,2855.954079,24.64153649,36.21109906,12077
2002,2,Single-detached,247000.0,46535.0,4.038461538,3382.215991,29.07244862,42.17672164,11501
2002,2,Apartment,149950.0,46535.0,4.038461538,2053.292664,17.64944806,28.92883586,2615
2002,2,Row housing,189950.0,46535.0,4.038461538,2601.01995,22.35753691,34.7021035,3516
2002,2,All housing types,218500.0,46535.0,4.038461538,2991.9603,25.71793532,36.21109906,17632
2002,3,Single-detached,245000.0,46710.0,4.461538462,3528.206999,30.21371868,42.17672164,10501
2002,3,Apartment,152500.0,46710.0,4.461538462,2196.128846,18.80649836,28.92883586,2243
2002,3,Row housing,185000.0,46710.0,4.461538462,2664.156305,22.81444064,34.7021035,2963
2002,3,All housing types,218000.0,46710.0,4.461538462,3139.384187,26.88404356,36.21109906,15707
2002,4,Single-detached,245000.0,46885.0,4.5,3544.184079,30.23725353,42.17672164,7900
2002,4,Apartment,155000.0,46885.0,4.5,2242.238907,19.12969101,28.92883586,1900
2002,4,Row housing,200000.0,46885.0,4.5,2893.211493,24.68347227,34.7021035,2795
2002,4,All housing types,215000.0,46885.0,4.5,3110.202355,26.53473269,36.21109906,12595
2003,1,Single-detached,260000.0,47060.0,4.576923077,3795.198211,32.25837834,42.17672164,7070
2003,1,Apartment,164500.0,47060.0,4.576923077,2401.192714,20.40962783,28.92883586,1824
2003,1,Row housing,206000.0,47060.0,4.576923077,3006.964737,25.5585613,34.7021035,3110
2003,1,All housing types,225000.0,47060.0,4.576923077,3284.306144,27.91590433,36.21109906,12004
2003,2,Single-detached,259900.0,47562.5,4.961538462,3966.012449,33.35411258,42.17672164,11282
2003,2,Apartment,164000.0,47562.5,4.961538462,2502.601161,21.04684287,28.92883586,2840
2003,2,Row housing,207000.0,47562.5,4.961538462,3158.770977,26.56522241,34.7021035,3778
2003,2,All housing types,227000.0,47562.5,4.961538462,3463.96624,29.13191056,36.21109906,17900
2003,3,Single-detached,271500.0,48065.0,4.730769231,4034.586472,33.57608632,42.17672164,13292
2003,3,Apartment,164900.0,48065.0,4.730769231,2450.472594,20.39298944,28.92883586,3249
2003,3,Row housing,211584.0,48065.0,4.730769231,3144.213422,26.16634493,34.7021035,4400
2003,3,All housing types,236020.0,48065.0,4.730769231,3507.341065,29.18831636,36.21109906,20941
2003,4,Single-detached,275200.0,48567.5,4.5,3981.059015,32.78784384,42.17672164,9936
2003,4,Apartment,172045.0,48567.5,4.5,2488.812857,20.49776379,28.92883586,2635
2003,4,Row housing,219000.0,48567.5,4.5,3168.066585,26.0920705,34.7021035,4170
2003,4,All housing types,238500.0,48567.5,4.5,3450.154706,28.41533705,36.21109906,16741
2004,1,Single-detached,297100.5,49070.0,4.192307692,4144.090073,33.78104808,42.17672164,7912
2004,1,Apartment,181700.0,49070.0,4.192307692,2534.432511,20.65973109,28.92883586,2279
2004,1,Row housing,229661.0,49070.0,4.192307692,3203.413896,26.11301322,34.7021035,3863
2004,1,All housing types,249000.0,49070.0,4.192307692,3473.16288,28.31190446,36.21109906,14054
2004,2,Single-detached,290000.0,49702.5,3.769230769,3843.155267,30.9292713,42.17672164,13232
2004,2,Apartment,178900.0,49702.5,3.769230769,2370.829232,19.08016081,28.92883586,3508
2004,2,Row housing,230000.0,49702.5,3.769230769,3048.019695,24.53011172,34.7021035,5222
2004,2,All housing types,249900.0,49702.5,3.769230769,3311.73966,26.65249965,36.21109906,21962
2004,3,Single-detached,304000.0,50335.0,3.807692308,4047.697164,32.16606468,42.17672164,12494
2004,3,Apartment,189000.0,50335.0,3.807692308,2516.495934,19.997981,28.92883586,3345
2004,3,Row housing,244000.0,50335.0,3.807692308,3248.809566,25.81749928,34.7021035,4651
2004,3,All housing types,260000.0,50335.0,3.807692308,3461.846259,27.51045006,36.21109906,20490
2004,4,Single-detached,299000.0,50967.5,4.211538462,4180.175627,32.80659736,42.17672164,8889
2004,4,Apartment,188000.0,50967.5,4.211538462,2628.337853,20.62755954,28.92883586,2433
2004,4,Row housing,248851.0,50967.5,4.211538462,3479.066505,27.30419585,34.7021035,4009
2004,4,All housing types,257545.0,50967.5,4.211538462,3600.61315,28.25811076,36.21109906,15331
2005,1,Single-detached,322500.0,51600.0,4.25,4529.442135,35.11195454,42.17672164,7488
2005,1,Apartment,212899.5,51600.0,4.25,2990.127026,23.17927927,28.92883586,2422
2005,1,Row housing,248000.0,51600.0,4.25,3483.10589,27.00082085,34.7021035,4718
2005,1,All housing types,269000.0,51600.0,4.25,3778.046308,29.28718068,36.21109906,14628
2005,2,Single-detached,330000.0,52460.0,4.25,4634.777999,35.33951963,42.17672164,13665
2005,2,Apartment,218960.0,52460.0,4.25,3075.245426,23.44830672,28.92883586,3952
2005,2,Row housing,260000.0,52460.0,4.25,3651.643272,27.84325789,34.7021035,6424
2005,2,All housing types,284900.0,52460.0,4.25,4001.358339,30.50978528,36.21109906,24041
2005,3,Single-detached,348000.0,53320.0,4.307692308,4921.224715,36.91841497,42.17672164,15152
2005,3,Apartment,223450.0,53320.0,4.307692308,3159.907076,23.70522938,28.92883586,4227
2005,3,Row housing,279000.0,53320.0,4.307692308,3945.464642,29.59838441,34.7021035,6599
2005,3,All housing types,299900.0,53320.0,4.307692308,4241.020954,31.81561106,36.21109906,25978
2005,4,Single-detached,354000.0,54180.0,4.788461538,5295.745171,39.09741728,42.17672164,10582
2005,4,Apartment,225000.0,54180.0,4.788461538,3365.939727,24.85005336,28.92883586,3449
2005,4,Row housing,277469.5,54180.0,4.788461538,4150.869392,30.64503058,34.7021035,5297
2005,4,All housing types,299500.0,54180.0,4.788461538,4480.43977,33.07818214,36.21109906,19328
2006,1,Single-detached,376000.0,55040.0,5.269230769,5940.830733,43.17464195,42.17672164,8686
2006,1,Apartment,235000.0,55040.0,5.269230769,3713.019208,26.98415122,28.92883586,3053
2006,1,Row housing,283000.0,55040.0,5.269230769,4471.423131,32.49580764,34.7021035,5225
2006,1,All housing types,305000.0,55040.0,5.269230769,4819.024929,35.0219835,36.21109906,16964
2006,2,Single-detached,389000.0,55900.0,5.788461538,6508.507151,46.57250197,42.17672164,13230
2006,2,Apartment,247000.0,55900.0,5.788461538,4132.65107,29.5717429,28.92883586,4116
2006,2,Row housing,299000.0,55900.0,5.788461538,5002.682874,35.79737298,34.7021035,6524
2006,2,All housing types,327000.0,55900.0,5.788461538,5471.161538,39.14963533,36.21109906,23870
2006,3,Single-detached,400000.0,56760.0,6.0,6847.037564,48.25255506,42.17672164,13711
2006,3,Apartment,255900.0,56760.0,6.0,4380.392281,30.8695721,28.92883586,4065
2006,3,Row housing,315000.0,56760.0,6.0,5392.042081,37.99888711,34.7021035,6232
2006,3,All housing types,342500.0,56760.0,6.0,5862.775914,41.31625027,36.21109906,24008
2006,4,Single-detached,404121.0,57620.0,6.0,6917.579168,48.02206989,42.17672164,9075
2006,4,Apartment,253500.0,57620.0,6.0,4339.310056,30.12363801,28.92883586,3070
2006,4,Row housing,317900.0,57620.0,6.0,5441.683104,37.77634921,34.7021035,5933
2006,4,All housing types,328397.5,57620.0,6.0,5621.375046,39.02377678,36.21109906,18078
2007,1,Single-detached,415000.0,58480.0,6.0,7103.801472,48.58961335,42.17672164,7597
2007,1,Apartment,264900.0,58480.0,6.0,4534.450626,31.01539416,28.92883586,2694
2007,1,Row housing,319950.0,58480.0,6.0,5476.774171,37.46083564,34.7021035,5557
2007,1,All housing types,332500.0,58480.0,6.0,5691.599975,38.93023239,36.21109906,15848
2007,2,Single-detached,432535.0,59045.0,6.0,7403.958481,50.15807253,42.17672164,13668
2007,2,Apartment,281310.0,59045.0,6.0,4815.350343,32.62156215,28.92883586,4532
2007,2,Row housing,337000.0,59045.0,6.0,5768.629147,39.07954372,34.7021035,7795
2007,2,All housing types,360000.0,59045.0,6.0,6162.333807,41.74669359,36.21109906,25995
2007,3,Single-detached,449900.0,59610.0,6.230769231,7892.713094,52.96234252,42.17672164,14934
2007,3,Apartment,289000.0,59610.0,6.230769231,5070.00241,34.02115356,28.92883586,5131
2007,3,Row housing,340000.0,59610.0,6.230769231,5964.708717,40.02488654,34.7021035,8169
2007,3,All housing types,373000.0,59610.0,6.230769231,6543.636328,43.90965494,36.21109906,28234
2007,4,Single-detached,455000.0,60175.0,6.173076923,7933.573327,52.73667355,42.17672164,9766
2007,4,Apartment,307500.0,60175.0,6.173076923,5361.700655,35.64071894,28.92883586,3580
2007,4,Row housing,345800.0,60175.0,6.173076923,6029.515728,40.0798719,34.7021035,6758
2007,4,All housing types,374498.5,60175.0,6.173076923,6529.914968,43.40616514,36.21109906,20104
2008,1,Single-detached,477500.0,60740.0,5.653846154,7872.8439,51.84618966,42.17672164,7172
2008,1,Apartment,309000.0,60740.0,5.653846154,5094.678042,33.55072797,28.92883586,2882
2008,1,Row housing,358190.0,60740.0,5.653846154,5905.704621,38.89169984,34.7021035,6291
2008,1,All housing types,380000.0,60740.0,5.653846154,6265.299857,41.25979491,36.21109906,16345
2008,2,Single-detached,476900.0,60660.0,4.865384615,7197.722286,47.46272526,42.17672164,10943
2008,2,Apartment,302900.0,60660.0,4.865384615,4571.587504,30.1456479,28.92883586,3885
2008,2,Row housing,367000.0,60660.0,4.865384615,5539.031409,36.52509996,34.7021035,7765
2008,2,All housing types,390000.0,60660.0,4.865384615,5886.164168,38.81413892,36.21109906,22593
2008,3,Single-detached,472500.0,60580.0,4.75,7037.153007,46.46518988,42.17672164,9897
2008,3,Apartment,315000.0,60580.0,4.75,4691.435338,30.97679325,28.92883586,3476
2008,3,Row housing,363000.0,60580.0,4.75,5406.320723,35.69706651,34.7021035,6225
2008,3,All housing types,390000.0,60580.0,4.75,5808.443752,38.35222022,36.21109906,19598
2008,4,Single-detached,443000.0,60500.0,3.982142857,6024.948821,39.83437237,42.17672164,5461
2008,4,Apartment,320250.0,60500.0,3.982142857,4355.507584,28.79674436,28.92883586,1902
2008,4,Row housing,355000.0,60500.0,3.982142857,4828.119258,31.92144964,34.7021035,5188
2008,4,All housing types,370000.0,60500.0,3.982142857,5032.124297,33.27024329,36.21109906,12551
2009,1,Single-detached,445000.0,60420.0,2.916666667,5298.188375,35.07572575,42.17672164,3699
2009,1,Apartment,314000.0,60420.0,2.916666667,3738.496966,24.75006267,28.92883586,1534
2009,1,Row housing,342500.0,60420.0,2.916666667,4077.819143,26.99648555,34.7021035,4142
2009,1,All housing types,359900.0,60420.0,2.916666667,4284.984261,28.36798584,36.21109906,9375
2009,2,Single-detached,458297.0,60452.5,2.307692308,5037.912027,33.33468113,42.17672164,9096
2009,2,Apartment,312000.0,60452.5,2.307692308,3429.715997,22.69362556,28.92883586,3488
2009,2,Row housing,347900.0,60452.5,2.307692308,3824.353191,25.30484722,34.7021035,7535
2009,2,All housing types,377000.0,60452.5,2.307692308,4144.240164,27.42146421,36.21109906,20119
2009,3,Single-detached,480900.0,60485.0,2.25,5245.797082,34.69155713,42.17672164,13784
2009,3,Apartment,323000.0,60485.0,2.25,3523.377953,23.30083791,28.92883586,4693
2009,3,Row housing,355900.0,60485.0,2.25,3882.260722,25.67420499,34.7021035,8783
2009,3,All housing types,397500.0,60485.0,2.25,4336.045623,28.67517978,36.21109906,27260
2009,4,Single-detached,492000.0,60517.5,2.25,5366.879111,35.4732374,42.17672164,10680
2009,4,Apartment,329700.0,60517.5,2.25,3596.463502,23.77139506,28.92883586,3574
2009,4,Row housing,372500.0,60517.5,2.25,4063.338351,26.85727831,34.7021035,8251
2009,4,All housing types,399000.0,60517.5,2.25,4352.408059,28.76793033,36.21109906,22505
2010,1,Single-detached,505000.0,60550.0,2.25,5505.816289,36.37203164,42.17672164,7699
2010,1,Apartment,330000.0,60550.0,2.25,3599.735989,23.78025426,28.92883586,2776
2010,1,Row housing,372000.0,60550.0,2.25,4057.884206,26.80683208,34.7021035,5604
2010,1,All housing types,409900.0,60550.0,2.25,4471.30843,29.53795825,36.21109906,16079
2010,2,Single-detached,510198.0,61020.0,2.346153846,5631.32181,36.91459725,42.17672164,12897
2010,2,Apartment,334900.0,61020.0,2.346153846,3700.359063,24.25669658,28.92883586,4585
2010,2,Row housing,382500.0,61020.0,2.346153846,4226.298422,27.70434888,34.7021035,7786
2010,2,All housing types,420000.0,61020.0,2.346153846,4640.641405,30.42046152,36.21109906,25268
2010,3,Single-detached,495000.0,61490.0,2.769230769,5782.172532,37.61374228,42.17672164,8958
2010,3,Apartment,320000.0,61490.0,2.769230769,3737.970122,24.3159546,28.92883586,2737
2010,3,Row housing,374000.0,61490.0,2.769230769,4368.75258,28.41927194,34.7021035,4738
2010,3,All housing types,410000.0,61490.0,2.769230769,4789.274218,31.15481684,36.21109906,16433
2010,4,Single-detached,498788.0,61960.0,3.0,6002.513805,38.75089609,42.17672164,7325
2010,4,Apartment,321975.0,61960.0,3.0,3874.711064,25.01427414,28.92883586,2473
2010,4,Row housing,370000.0,61960.0,3.0,4452.653447,28.74534182,34.7021035,4349
2010,4,All housing types,407000.0,61960.0,3.0,4897.918792,31.619876,36.21109906,14147
2011,1,Single-detached,530000.0,62430.0,3.0,6359.123842,40.7440259,42.17672164,7132
2011,1,Apartment,336800.0,62430.0,3.0,4053.118057,25.96904089,28.92883586,2502
2011,1,Row housing,369107.0,62430.0,3.0,4441.906908,28.4600795,34.7021035,4704
2011,1,All housing types,415000.0,62430.0,3.0,4994.19238,31.99866974,36.21109906,14338
2011,2,Single-detached,555000.0,62990.0,3.0,6644.144333,42.19174049,42.17672164,11390
2011,2,Apartment,349000.0,62990.0,3.0,4199.935279,26.67048915,28.92883586,3633
2011,2,Row housing,385000.0,62990.0,3.0,4633.166425,29.42159978,34.7021035,6213
2011,2,All housing types,440000.0,62990.0,3.0,5295.047343,33.62468546,36.21109906,21236
2011,3,Single-detached,524833.0,63550.0,3.0,6300.215807,39.65517424,42.17672164,11405
2011,3,Apartment,333000.0,63550.0,3.0,4007.388103,25.22352858,28.92883586,3561
2011,3,Row housing,369000.0,63550.0,3.0,4440.619249,27.95039653,34.7021035,5259
2011,3,All housing types,425000.0,63550.0,3.0,5114.534365,32.19219113,36.21109906,20225
2011,4,Single-detached,502500.0,64110.0,3.0,6045.601302,37.72017659,42.17672164,8066
2011,4,Apartment,307000.0,64110.0,3.0,3694.498941,23.05099948,28.92883586,2800
2011,4,Row housing,385000.0,64110.0,3.0,4633.166425,28.90760521,34.7021035,5104
2011,4,All housing types,399897.0,64110.0,3.0,4812.43988,30.02614182,36.21109906,15970
2012,1,Single-detached,509672.5,64670.0,3.0,6127.373681,37.89932693,42.17672164,6699
2012,1,Apartment,328900.0,64670.0,3.0,3958.047889,24.48150851,28.92883586,2432
2012,1,Row housing,355913.0,64670.0,3.0,4283.127693,26.49220778,34.7021035,4854
2012,1,All housing types,399928.0,64670.0,3.0,4812.81294,29.76844249,36.21109906,13985
2012,2,Single-detached,500000.0,65180.0,3.0,6017.099253,36.92604635,42.17672164,11046
2012,2,Apartment,332000.0,65180.0,3.0,3995.353904,24.51889478,28.92883586,3687
2012,2,Row housing,372000.0,65180.0,3.0,4476.721844,27.47297849,34.7021035,5958
2012,2,All housing types,418000.0,65180.0,3.0,5030.294976,30.87017475,36.21109906,20691
2012,3,Single-detached,485000.0,65690.0,3.0,5836.586276,35.54018131,42.17672164,9967
2012,3,Apartment,311311.0,65690.0,3.0,3746.378371,22.81247296,28.92883586,3340
2012,3,Row housing,352500.0,65690.0,3.0,4242.054973,25.83075033,34.7021035,4949
2012,3,All housing types,400000.0,65690.0,3.0,4813.679403,29.31148974,36.21109906,18256
2012,4,Single-detached,465000.0,66200.0,3.0,5595.902305,33.81209852,42.17672164,6857
2012,4,Apartment,318729.5,66200.0,3.0,3835.654073,23.17615754,28.92883586,2424
2012,4,Row housing,350500.0,66200.0,3.0,4217.986576,25.48632372,34.7021035,4196
2012,4,All housing types,387500.0,66200.0,3.0,4663.251921,28.17674877,36.21109906,13477
2013,1,Single-detached,476500.0,66710.0,3.0,5734.295588,34.3834243,42.17672164,5187
2013,1,Apartment,321950.0,66710.0,3.0,3874.410209,23.23136087,28.92883586,2126
2013,1,Row housing,353000.0,66710.0,3.0,4248.072073,25.47187572,34.7021035,3843
2013,1,All housing types,385000.0,66710.0,3.0,4633.166425,27.78094094,36.21109906,11156
2013,2,Single-detached,487950.0,67255.0,3.0,5872.087161,34.92431588,42.17672164,10116
2013,2,Apartment,320000.0,67255.0,3.0,3850.943522,22.90353741,28.92883586,3309
2013,2,Row housing,370000.0,67255.0,3.0,4452.653447,26.48221514,34.7021035,5356
2013,2,All housing types,408000.0,67255.0,3.0,4909.952991,29.2020102,36.21109906,18781
2013,3,Single-detached,501000.0,67800.0,3.0,6028.500073,35.56637211,42.17672164,12176
2013,3,Apartment,330500.0,67800.0,3.0,3977.302606,23.46491213,28.92883586,3892
2013,3,Row housing,368400.0,67800.0,3.0,4433.39873,26.15574472,34.7021035,6459
2013,3,All housing types,414000.0,67800.0,3.0,4982.158182,29.39326361,36.21109906,22527
2013,4,Single-detached,500000.0,68345.0,3.0,6017.099253,35.21603192,42.17672164,8498
2013,4,Apartment,339900.0,68345.0,3.0,4090.424072,23.9398585,28.92883586,3002
2013,4,Row housing,364250.0,68345.0,3.0,4383.456806,25.65487925,34.7021035,6044
2013,4,All housing types,400000.0,68345.0,3.0,4813.679403,28.17282553,36.21109906,17544
2014,1,Single-detached,535000.0,68890.0,3.0,6416.12794,37.25433555,42.17672164,6729
2014,1,Apartment,335000.0,68890.0,3.0,4031.4565,23.40807954,28.92883586,2429
2014,1,Row housing,374900.0,68890.0,3.0,4511.62102,26.19608663,34.7021035,4327
2014,1,All housing types,421000.0,68890.0,3.0,5066.397571,29.41731788,36.21109906,13485
2014,2,Single-detached,515000.0,69462.5,3.0,6188.111548,35.63425761,42.17672164,11747
2014,2,Apartment,327000.0,69462.5,3.0,3935.182912,22.66076177,28.92883586,3996
2014,2,Row housing,365049.0,69462.5,3.0,4393.072131,25.29751812,34.7021035,6057
2014,2,All housing types,422570.0,69462.5,3.0,5085.291263,29.28366392,36.21109906,21800
2014,3,Single-detached,528000.0,70035.0,3.0,6336.322203,36.18946072,42.17672164,14104
2014,3,Apartment,341696.0,70035.0,3.0,4112.037493,23.48561429,28.92883586,4595
2014,3,Row housing,366000.0,70035.0,3.0,4404.516653,25.15608855,34.7021035,7103
2014,3,All housing types,432000.0,70035.0,3.0,5198.773755,29.69243238,36.21109906,25802
2014,4,Single-detached,535000.0,70607.5,3.0,6416.12794,36.34813832,42.17672164,10075
2014,4,Apartment,350470.0,70607.5,3.0,4217.62555,23.89335722,28.92883586,3524
2014,4,Row housing,369000.0,70607.5,3.0,4440.619249,25.15664341,34.7021035,6614
2014,4,All housing types,419500.0,70607.5,3.0,5048.346273,28.59949027,36.21109906,20213
2015,1,Single-detached,575000.0,71180.0,2.8875,6773.463573,38.06385823,42.17672164,7855
2015,1,Apartment,335000.0,71180.0,2.8875,3973.557202,22.32962743,28.92883586,2961
2015,1,Row housing,375876.0,71180.0,2.8875,4458.402349,25.05424191,34.7021035,5230
2015,1,All housing types,431000.0,71180.0,2.8875,5112.248221,28.72856544,36.21109906,16046
2015,2,Single-detached,560000.0,71542.5,2.85,6572.997587,36.75016996,42.17672164,14894
2015,2,Apartment,342000.0,71542.5,2.85,4036.988499,22.57113463,28.92883586,5197
2015,2,Row housing,375000.0,71542.5,2.85,4426.522477,24.74905113,34.7021035,8887
2015,2,All housing types,439800.0,71542.5,2.85,5191.425561,29.02568717,36.21109906,28978
2015,3,Single-detached,585000.0,71905.0,2.732142857,6748.595889,37.54173362,42.17672164,16813
2015,3,Apartment,349900.0,71905.0,2.732142857,4067.573919,22.6274886,28.92883586,5587
2015,3,Row housing,385000.0,71905.0,2.732142857,4475.610057,24.89735099,34.7021035,8724
2015,3,All housing types,459000.0,71905.0,2.732142857,5335.857185,29.68281585,36.21109906,31124
2015,4,Single-detached,600000.0,72267.5,2.7,6884.900186,38.10786418,42.17672164,11705
2015,4,Apartment,355000.0,72267.5,2.7,4109.615199,22.7466853,28.92883586,4238
2015,4,Row housing,388200.0,72267.5,2.7,4493.951043,24.87398094,34.7021035,8402
2015,4,All housing types,450000.0,72267.5,2.7,5209.37138,28.83382643,36.21109906,24345
2016,1,Single-detached,695000.0,72630.0,2.7,7926.774462,43.65564897,42.17672164,10439
2016,1,Apartment,350000.0,72630.0,2.7,4051.733295,22.31437861,28.92883586,3990
2016,1,Row housing,396770.0,72630.0,2.7,4593.160627,25.29621714,34.7021035,7451
2016,1,All housing types,470000.0,72630.0,2.7,5440.898996,29.9650227,36.21109906,21880
2016,2,Single-detached,670000.0,73335.0,2.7,7652.597021,41.74048965,42.17672164,18623
2016,2,Apartment,358894.0,73335.0,2.7,4154.693626,22.6614502,28.92883586,6251
2016,2,Row housing,418894.0,73335.0,2.7,4849.276477,26.44999783,34.7021035,10829
2016,2,All housing types,494900.0,73335.0,2.7,5729.150879,31.24920368,36.21109906,35703
2016,3,Single-detached,642000.0,74040.0,2.7,7345.518287,39.68405341,42.17672164,18023
2016,3,Apartment,365000.0,74040.0,2.7,4225.379008,22.82754731,28.92883586,6579
2016,3,Row housing,440425.0,74040.0,2.7,5098.527533,27.54471925,34.7021035,10568
2016,3,All housing types,490350.0,74040.0,2.7,5676.478347,30.66708993,36.21109906,35170
2016,4,Single-detached,582500.0,74745.0,2.7,6692.975977,35.81765189,42.17672164,9605
2016,4,Apartment,358775.0,74745.0,2.7,4153.316037,22.22658927,28.92883586,4228
2016,4,Row housing,435000.0,74745.0,2.7,5035.725667,26.94882958,34.7021035,8328
2016,4,All housing types,450000.0,74745.0,2.7,5209.37138,27.87809956,36.21109906,22161
2017,1,Single-detached,640000.0,75450.0,2.7,7323.584092,38.82615821,42.17672164,7509
2017,1,Apartment,369900.0,75450.0,2.7,4282.103274,22.70167408,28.92883586,3462
2017,1,Row housing,470000.0,75450.0,2.7,5440.898996,28.84505764,34.7021035,7122
2017,1,All housing types,474894.0,75450.0,2.7,5497.553804,29.14541447,36.21109906,18093
2017,2,Single-detached,665450.0,76022.5,2.7,7602.696726,40.0023505,42.17672164,13546
2017,2,Apartment,395000.0,76022.5,2.7,4572.670433,24.05956359,28.92883586,5532
2017,2,Row housing,493000.0,76022.5,2.7,5707.155756,30.02877178,34.7021035,10766
2017,2,All housing types,505000.0,76022.5,2.7,5843.02591,30.7436662,36.21109906,29844
2017,3,Single-detached,700000.0,76595.0,2.969230769,8264.576995,43.15987725,42.17672164,15704
2017,3,Apartment,424900.0,76595.0,2.969230769,5093.187522,26.59801565,28.92883586,6420
2017,3,Row housing,540000.0,76595.0,2.969230769,6447.631823,33.67129355,34.7021035,11895
2017,3,All housing types,542000.0,76595.0,2.969230769,6470.343638,33.78990084,36.21109906,34019
2017,4,Single-detached,685000.0,77167.5,3.2,8336.016123,43.20998411,42.17672164,10659
2017,4,Apartment,448650.0,77167.5,3.2,5538.512785,28.7090435,28.92883586,4789
2017,4,Row housing,550000.0,77167.5,3.2,6757.175968,35.02601986,34.7021035,9319
2017,4,All housing types,543000.0,77167.5,3.2,6675.310183,34.60166616,36.21109906,24767
2018,1,Single-detached,743250.0,77740.0,3.392307692,9238.390068,47.53480868,42.17672164,7396
2018,1,Apartment,480000.0,77740.0,3.392307692,6070.83744,31.23662177,28.92883586,3797
2018,1,Row housing,575000.0,77740.0,3.392307692,7222.4327,37.16198971,34.7021035,6952
2018,1,All housing types,582000.0,77740.0,3.392307692,7306.306112,37.5935483,36.21109906,18145
2018,2,Single-detached,687500.0,78292.5,3.45,8632.460548,44.1036398,42.17672164,10788
2018,2,Apartment,448000.0,78292.5,3.45,5707.145956,29.15807239,28.92883586,5066
2018,2,Row housing,569400.0,78292.5,3.45,7207.14912,36.82165786,34.7021035,8809
2018,2,All housing types,558944.0,78292.5,3.45,7080.958974,36.17694657,36.21109906,24663
2018,3,Single-detached,685000.0,78845.0,3.680769231,8852.033188,44.90853288,42.17672164,11361
2018,3,Apartment,455000.0,78845.0,3.680769231,5964.600695,30.2598805,28.92883586,4886
2018,3,Row housing,569000.0,78845.0,3.680769231,7411.421708,37.59995793,34.7021035,8854
2018,3,All housing types,559900.0,78845.0,3.680769231,7298.408221,37.02661283,36.21109906,25101
2018,4,Single-detached,655000.0,79397.5,3.873076923,8681.559148,43.73719147,42.17672164,8018
2018,4,Apartment,447900.0,79397.5,3.873076923,6011.467576,30.28542499,28.92883586,3647
2018,4,Row housing,555000.0,79397.5,3.873076923,7410.053333,37.33141892,34.7021035,7776
2018,4,All housing types,539900.0,79397.5,3.873076923,7218.055955,36.36414726,36.21109906,19441
2019,1,Single-detached,690000.0,79950.0,3.95,9212.293371,46.09027328,42.17672164,5376
2019,1,Apartment,456000.0,79950.0,3.95,6177.655555,30.90759502,28.92883586,2841
2019,1,Row housing,563500.0,79950.0,3.95,7588.733618,37.96739771,34.7021035,6080
2019,1,All housing types,550000.0,79950.0,3.95,7415.468348,37.10052957,36.21109906,14297
2019,2,Single-detached,675000.0,81367.5,3.95,9019.776404,44.34092926,42.17672164,9244
2019,2,Apartment,445500.0,81367.5,3.95,6035.406907,29.66986528,28.92883586,4347
2019,2,Row housing,559900.0,81367.5,3.95,7542.529546,37.07883146,34.7021035,8046
2019,2,All housing types,552500.0,81367.5,3.95,7447.554509,36.61193724,36.21109906,21637
2019,3,Single-detached,680000.0,82785.0,3.95,9083.948726,43.89176168,42.17672164,11491
2019,3,Apartment,460900.0,82785.0,3.95,6244.038257,30.16990159,28.92883586,4891
2019,3,Row housing,553450.0,82785.0,3.95,7459.74725,36.04395603,34.7021035,9626
2019,3,All housing types,558500.0,82785.0,3.95,7524.561296,36.3571241,36.21109906,26008
2019,4,Single-detached,740885.0,84202.5,3.95,9865.375094,46.86499852,42.17672164,8902
2019,4,Apartment,485000.0,84202.5,3.95,6570.532772,31.21300566,28.92883586,4236
2019,4,Row housing,570000.0,84202.5,3.95,7672.157637,36.44622256,34.7021035,7738
2019,4,All housing types,587000.0,84202.5,3.95,7890.343533,37.48270435,36.21109906,20876
2020,1,Single-detached,799950.0,85620.0,3.757692308,10377.24604,48.48047673,42.17672164,6923
2020,1,Apartment,501950.0,85620.0,3.757692308,6641.211802,31.02645084,28.92883586,3697
2020,1,Row housing,590000.0,85620.0,3.757692308,7745.097087,36.18358836,34.7021035,8642
2020,1,All housing types,597500.0,85620.0,3.757692308,7839.124795,36.62286753,36.21109906,19262
2020,2,Single-detached,755000.0,86210.0,2.45,8307.488953,38.54536111,42.17672164,7851
2020,2,Apartment,491700.0,86210.0,2.45,5508.236625,25.55729788,28.92883586,3847
2020,2,Row housing,610000.0,86210.0,2.45,6768.628331,31.40530486,34.7021035,6945
2020,2,All housing types,599999.0,86210.0,2.45,6662.489399,30.91283795,36.21109906,18643
2020,3,Single-detached,755000.0,86800.0,2.45,8307.488953,38.28335923,42.17672164,13995
2020,3,Apartment,489900.0,86800.0,2.45,5488.072245,25.2906555,28.92883586,5746
2020,3,Row housing,588000.0,86800.0,2.45,6535.14603,30.11588032,34.7021035,9637
2020,3,All housing types,615000.0,86800.0,2.45,6821.69249,31.43637092,36.21109906,29378
2020,4,Single-detached,841674.0,87390.0,2.45,9227.345543,42.23524679,42.17672164,14050
2020,4,Apartment,499900.0,87390.0,2.45,5600.096581,25.63266544,28.92883586,6519
2020,4,Row housing,622000.0,87390.0,2.45,6895.982313,31.56417125,34.7021035,9528
2020,4,All housing types,650000.0,87390.0,2.45,7193.141606,32.92432363,36.21109906,30097
2021,1,Single-detached,959000.0,87980.0,2.45,10472.50666,47.61312415,42.17672164,11224
2021,1,Apartment,497000.0,87980.0,2.45,5567.609523,25.31306899,28.92883586,5343
2021,1,Row housing,650000.0,87980.0,2.45,7193.141606,32.70353083,34.7021035,10295
2021,1,All housing types,662000.0,87980.0,2.45,7320.495589,33.28254416,36.21109906,26862
2021,2,Single-detached,1000000.0,88452.5,2.45,10907.63276,49.32650977,42.17672164,18181
2021,2,Apartment,525000.0,88452.5,2.45,5866.537621,26.52966336,28.92883586,8026
2021,2,Row housing,690000.0,88452.5,2.45,7617.654881,34.4485679,34.7021035,14645
2021,2,All housing types,707000.0,88452.5,2.45,7798.073023,35.26445504,36.21109906,40852
2021,3,Single-detached,1040000.0,88925.0,2.45,11284.9779,50.76177856,42.17672164,15831
2021,3,Apartment,560000.0,88925.0,2.45,6237.986737,28.05954113,28.92883586,6826
2021,3,Row housing,717000.0,88925.0,2.45,7904.201342,35.55446204,34.7021035,13129
2021,3,All housing types,735000.0,88925.0,2.45,8095.232316,36.41375233,36.21109906,35786
2021,4,Single-detached,1050000.0,89397.5,2.45,11379.31418,50.91558122,42.17672164,11416
2021,4,Apartment,578900.0,89397.5,2.45,6438.56926,28.80872176,28.92883586,5202
2021,4,Row housing,765000.0,89397.5,2.45,8413.617272,37.64587275,34.7021035,12111
2021,4,All housing types,730025.0,89397.5,2.45,8042.433477,35.9850487,36.21109906,28729
2022,1,Single-detached,1300000.0,89870.0,2.526923077,13877.91622,61.76884931,42.17672164,9338
2022,1,Apartment,622800.0,89870.0,2.526923077,6974.93348,31.04454648,28.92883586,4605
2022,1,Row housing,824150.0,89870.0,2.526923077,9133.634414,40.65265122,34.7021035,10522
2022,1,All housing types,800000.0,89870.0,2.526923077,8874.718955,39.50025128,36.21109906,24465
2022,2,Single-detached,1230000.0,91055.0,3.276923077,14551.78742,63.92526461,42.17672164,13139
2022,2,Apartment,620662.0,91055.0,3.276923077,7657.675403,33.63977993,28.92883586,5972
2022,2,Row housing,855000.0,91055.0,3.276923077,10425.06322,45.79677433,34.7021035,11656
2022,2,All housing types,824900.0,91055.0,3.276923077,10069.60071,44.23524555,36.21109906,30767
2022,3,Single-detached,1090000.0,92240.0,4.719230769,15574.73336,67.5400406,42.17672164,10003
2022,3,Apartment,604500.0,92240.0,4.719230769,8889.470431,38.54930803,28.92883586,4724
2022,3,Row housing,820000.0,92240.0,4.719230769,11919.27939,51.68811532,34.7021035,9254
2022,3,All housing types,785000.0,92240.0,4.719230769,11427.19905,49.55420231,36.21109906,23981
2022,4,Single-detached,995000.0,93425.0,5.911538462,16429.10164,70.34135035,42.17672164,6201
2022,4,Apartment,578900.0,93425.0,5.911538462,9745.196945,41.72415069,28.92883586,3149
2022,4,Row housing,790750.0,93425.0,5.911538462,13148.18952,56.29409481,34.7021035,7014
2022,4,All housing types,723000.0,93425.0,5.911538462,12059.90655,51.63460123,36.21109906,16364
2023,1,Single-detached,1010000.0,94610.0,6.623076923,17949.93425,75.89021983,42.17672164,4790
2023,1,Apartment,576900.0,94610.0,6.623076923,10470.02542,44.2660413,28.92883586,2832
2023,1,Row housing,801180.0,94610.0,6.623076923,14353.44463,60.68468294,34.7021035,5524
2023,1,All housing types,733000.0,94610.0,6.623076923,13172.90459,55.69349788,36.21109906,13146
2023,2,Single-detached,1060000.0,95403.6217,6.757692308,18980.28005,79.57886591,42.17672164,8866
2023,2,Apartment,592900.0,95403.6217,6.757692308,10896.7875,45.68710204,28.92883586,4622
2023,2,Row housing,820000.0,95403.6217,6.757692308,14883.81673,62.40357111,34.7021035,9336
2023,2,All housing types,761000.0,95403.6217,6.757692308,13847.99672,58.06067514,36.21109906,22824
2023,3,Single-detached,1150000.0,96197.2434,7.161538462,21234.32397,88.29493745,42.17672164,10808
2023,3,Apartment,616800.0,96197.2434,7.161538462,11787.99619,49.01594173,28.92883586,5466
2023,3,Row housing,849500.0,96197.2434,7.161538462,16043.59856,66.71126111,34.7021035,11213
2023,3,All housing types,785000.0,96197.2434,7.161538462,14864.02678,61.80645621,36.21109906,27487
2023,4,Single-detached,1085000.0,96990.8651,7.2,20255.24537,83.53465184,42.17672164,6153
2023,4,Apartment,599952.0,96990.8651,7.2,11524.00665,47.52615266,28.92883586,3312
2023,4,Row housing,850000.0,96990.8651,7.2,16114.44496,66.457578,34.7021035,6657
2023,4,All housing types,762500.0,96990.8651,7.2,14508.09997,59.83285108,36.21109906,16122
2024,1,Single-detached,1135000.0,97784.4868,7.2,21071.16663,86.19431291,42.17672164,4840
2024,1,Apartment,625000.0,97784.4868,7.2,11983.84356,49.02145096,28.92883586,2594
2024,1,Row housing,851200.0,97784.4868,7.2,16136.47483,66.00832242,34.7021035,6730
2024,1,All housing types,759000.0,97784.4868,7.2,14443.84617,59.08440753,36.21109906,14164
2024,2,Single-detached,1100000.0,98577.74591,7.142307692,20382.32332,82.70557674,42.17672164,8952
2024,2,Apartment,630000.0,98577.74591,7.142307692,12006.30389,48.71811087,28.92883586,4732
2024,2,Row housing,855160.0,98577.74591,7.142307692,16116.11038,65.39451773,34.7021035,9315
2024,2,All housing types,800000.0,98577.74591,7.142307692,15109.28445,61.30910912,36.21109906,22999
2024,3,Single-detached,1082000.0,99371.00503,6.719230769,19247.5918,77.47769804,42.17672164,9545
2024,3,Apartment,628000.0,99371.00503,6.719230769,11467.7253,46.16125317,28.92883586,4644
2024,3,Row housing,840000.0,99371.00503,6.719230769,15175.01433,61.08427435,34.7021035,9057
2024,3,All housing types,789000.0,99371.00503,6.719230769,14283.1665,57.49430227,36.21109906,23246
2024,4,Single-detached,1070000.0,100164.2641,6.026923077,17727.21051,70.79255526,42.17672164,7289
2024,4,Apartment,615000.0,100164.2641,6.026923077,10453.81374,41.74668014,28.92883586,3721
2024,4,Row housing,839900.0,100164.2641,6.026923077,14111.47397,56.35332755,34.7021035,8703
2024,4,All housing types,751000.0,100164.2641,6.026923077,12665.64918,50.57951272,36.21109906,19713
2025,1,Single-detached,1135000.0,100957.5233,5.257692308,17158.30608,67.98227821,42.17672164,5918
2025,1,Apartment,638000.0,100957.5233,5.257692308,9952.814139,39.43366999,28.92883586,3231
2025,1,Row housing,863000.0,100957.5233,5.257692308,13316.37366,52.76030246,34.7021035,7872
2025,1,All housing types,784950.0,100957.5233,5.257692308,12149.59223,48.13744173,36.21109906,17021
2025,2,Single-detached,1012500.0,101750.5355,4.95,14999.04655,58.96400044,42.17672164,8241
2025,2,Apartment,594900.0,101750.5355,4.95,8989.96329,35.34119304,28.92883586,3957
2025,2,Row housing,830000.0,101750.5355,4.95,12384.2395,48.6847148,34.7021035,9403
2025,2,All housing types,737000.0,101750.5355,4.95,11041.54411,43.40633316,36.21109906,21601
